Champion,Role,Win Percent,Play Percent,Ban Rate,Playerbase Avg. Games,Kills,Deaths,Assists,Largest Killing Spree,Damage Dealt,Damage Taken,Total Healing,Minions Killed,Enemy Jungle CS,Team Jungle CS,Gold Earned,Role Position,FirstItemName,FirstItemPercent,SecondItemName,SecondItemPercent,ThirdItemName,ThirdItemPercent,FourthItemName,FourthItemPercent,FifthItemName,FifthItemPercent,SixthItemName,SixthItemPercent,SeventhItemName,SeventhItemPercent
Aatrox,Top,0.4749,0.0087,0.0024,64.67,5.45,5.61,6.09,2.7,19042,30967,14679,190,4.72,7.33,12466,44,Blade of the Ruined King,20,Long Sword,10,Boots of Swiftness,10,Dagger,10,Phage,10,Black Cleaver,10,Other,
Ahri,Middle,0.5309,0.137,0.0124,58.09,6.99,5.31,7.78,3.49,23457,18861,3701,176.2,1.84,6.31,12394,3,Doran's Ring,16.67,Morellonomicon,16.67,Sorcerer's Shoes,16.67,Void Staff,11.11,Needlessly Large Rod,11.11,Zhonya's Hourglass,5.56,Other,
Akali,Top,0.5003,0.0202,0.0115,48.14,7.36,6.31,6.41,3.41,20897,31450,4146,182.3,2.88,5.14,12592,20,Doran's Ring,18,Spell Tome,16,Sorcerer's Shoes,12,Rabadon's Deathcap,10,Blasting Wand,10,Faerie Charm,5,Other,
Alistar,Support,0.4926,0.1466,0.0289,35.29,1.41,4.94,13.61,0.5,6971,27590,8839,43.3,0.2,0.26,9388,8,Eye of the Equinox,18.75,Locket of the Iron Solari,14.58,Boots of Swiftness,10.42,Enchantment:Distortion,8.33,Ruby Crystal,6.25,Cloth Armor,6.25,Other,
Amumu,Jungle,0.5389,0.0731,0.017,38.11,5.18,5.12,11.17,2.64,16857,30701,6515,44.1,8.07,66.75,11905,8,Doran's Ring,18,Spell Tome,16,Sorcerer's Shoes,12,Rabadon's Deathcap,10,Blasting Wand,10,Faerie Charm,5,Other,
Anivia,Middle,0.523,0.037,0.0044,68.84,6.75,4.63,7.32,3.73,23693,24221,7823,185.8,2.72,10.49,12749,4,Doran's Ring,18,Spell Tome,16,Sorcerer's Shoes,12,Rabadon's Deathcap,10,Blasting Wand,10,Faerie Charm,5,Other,
Annie,Middle,0.5152,0.0585,0.013,50.52,7.37,6.07,7.17,3.44,22198,18649,1741,166.8,1.38,4.85,12137,12,Rod of Ages,20,Sorcerer's Shoes,20,Void Staff,10,Doran's Ring,10,Rabadon's Deathcap,10,Luden's Echo,10,Other,
Ashe,ADC,0.5284,0.0426,0.0023,29.32,6.49,6.1,8.42,3.04,21793,18257,2738,190.9,2.65,8,12810,13,Essence Reaver,12.5,Quicksilver Sash,12.5,B. F. Sword,8.33,Infinity Edge,8.33,Runann's Hurricane,8.33,Boots of Swiftness,8.33,Other,
Aurelion Sol,Middle,0.5069,0.033,0.2529,2.48,7.25,7,8.86,3.31,23584,25242,2576,164.2,2.13,7.37,12212,11,Doran's Ring,25,Rod of Ages,16.67,Boots of Swiftness,16.67,Rylai's Crystal Scepter,16.67,Void Staff,8.33,Seeker's Armguard,8.33,Other,
Azir,Middle,0.4897,0.079,0.0165,51.01,6.16,6.02,6.9,2.95,24722,19618,2213,193.7,2.19,10.24,12545,14,Nashor's Tooth,17.57,Doran's Ring,14.86,Rylai's Crystal Scepter,13.51,Sorcerer's Shoes,9.46,Blasting Wand,6.67,Needlessly Large Rod,5.41,Other,
Bard,Support,0.488,0.0978,0.0046,39.32,2.54,5.8,13.19,1.06,11974,19244,5012,22.6,0.33,0.34,10084,10,Eye of the Watchers,12.96,Locket of the Iron Solari,9.26,Ionian Boots of Lucidity,9.26,Frost Queen's Claim,7.41,Sightstone,5.56,Glacial Shroud,5.56,Other,
Blitzcrank,Support,0.5264,0.132,0.0281,51.16,2.29,5.74,12.58,0.91,10211,24085,3016,42.5,0.38,0.33,9799,7,Eye of the Equinox,21.74,Boots of Swiftness,13.04,Kindlegem,8.7,Aegis of Legion,8.7,Ruby Crystal,4.35,Enchantment:Distortion,4.35,Other,
Brand,Middle,0.503,0.0276,0.0077,38.86,7.16,6.27,7.92,3.26,26964,19764,1976,156.1,1.51,6.49,12163,24,Rod of Ages,14.29,Cloth Armor,14.29,Liandry's Torment,14.29,Needlessly Large Rod,14.29,Sorcerer's Shoes,14.29,Rylai's Crystal Scepter,14.29,Other,
Braum,Support,0.5111,0.1761,0.0191,49.79,1.35,5.11,14.12,0.47,7889,25021,3353,43.2,0.2,0.16,9474,2,Eye of the Equinox,13.95,Locket of the Iron Solari,10.47,Boots of Swiftness,10.47,Sightstone,8.14,Glacial Shroud,5.81,Cloth Armor,5.81,Other,
Caitlyn,ADC,0.4938,0.1404,0.0037,38.11,6.13,5.86,7.17,2.93,23087,18721,2613,202.4,2.4,7.85,12840,10,Infinity Edge,18.6,Runaan's Hurricane,17.44,Berserker's Greaves,10.47,Doran's Blade,9.3,Statikk Shiv,4.65,Boots of Swiftness,4.65,Other,
Cassiopeia,Middle,0.4621,0.0106,0.0012,48.97,6.78,6.61,6.2,3.01,22794,20962,4394,172.4,2.26,9.3,12242,45,Doran's Ring,18,Spell Tome,16,Sorcerer's Shoes,12,Rabadon's Deathcap,10,Blasting Wand,10,Faerie Charm,5,Other,
Cho'Gath,Top,0.4965,0.0338,0.0145,38.61,5.63,5.05,6.15,3,19146,32736,8429,196.7,2.79,5.79,12476,16,Ninja Tabi,20,Chain Vest,10,Enchantment:Runic Echoes,10,Frozen Heart,8,Bami's Cinder,8,Ruby Crystal,5,Other,
Corki,ADC,0.5118,0.0653,0.0347,26.15,7.57,5.58,7.7,3.7,25180,20993,3354,196.4,2.7,8.62,13190,4,Trinity Force,17.39,Sorcerer's Shoes,17.39,B. F. Sword,13.04,Pickaxe,8.7,Doran's Blade,8.7,Essence Reaver,4.35,Other,
Darius,Top,0.4951,0.0984,0.1567,42.21,6.78,6.34,5.56,3.18,20017,34067,5679,184.2,1.81,3.19,12257,14,Sterak's Gage,15.38,Spirit Visage,15.38,Enchantment:Distortion,7.69,Mercury's Treads,7.69,Orb of Winter,7.69,Hexdrinker,7.69,Other,
Diana,Jungle,0.4986,0.0254,0.0342,57.13,7.61,6.02,7.76,3.61,19825,23016,4378,59.2,10.13,71.56,12883,15,Zhonya's Hourglass,17.65,Void Staff,17.65,Blasting Wand,11.76,Enchantment:Runic Echoes,5.88,Nashor's Tooth,5.88,Rabadon's Deathcap,5.88,Other,
Dr. Mundo,Top,0.5072,0.0333,0.0739,14.79,4.84,5.07,7.57,2.51,22497,37294,11288,191.6,2.3,3.27,12201,6,Blade of the Ruined King,20,Long Sword,10,Boots of Swiftness,10,Dagger,10,Phage,10,Black Cleaver,10,Other,
Draven,ADC,0.4917,0.0492,0.0017,88.22,7.19,6.2,6.45,3.28,22325,20400,2492,191.3,2.83,8.17,13763,15,Youmuu's Ghostblade,18.18,Doran's Blade,12.73,Berserker's Greaves,9.09,Infinity Edge,7.27,Boots of Swiftness,7.27,Dagger,5.45,Other,
Ekko,Jungle,0.5044,0.0571,0.0242,38.04,6.96,5.43,8.98,3.46,17937,31488,8680,52.4,8.06,60.68,12201,13,Doran's Ring,12.5,Abyssal Scepter,7.5,Iceborn Gauntlet,7.5,Sunfire Cape,6.25,Boots of Swiftness,5,Zhonya's Hourglass,5,Other,
Elise,Jungle,0.4787,0.0674,0.0135,36.27,6.39,5.72,8.38,3.05,17117,25618,7301,39.7,9.22,60.55,11799,40,Enchantment:Runic Echoes,18,Rylai's Crystal Scepter,14,Boots of Swiftness,8,Amplifying Tome,8,Abyssal Scepter,4,Blasting Wand,4,Other,
Evelynn,Jungle,0.4903,0.0229,0.0025,88.29,7.5,5.77,8.98,3.62,19051,27962,6346,42.2,9.13,60.55,12095,27,Blasting Wand,9.09,Enchantment:Runic Echoes,9.09,Ionian Boots of Lucidity,9.09,Rylai's Crystal Scepter,9.09,Enchantment:Warrior,4.55,Hunter's Potion,4.55,Other,
Ezreal,ADC,0.5111,0.267,0.0204,35.25,7.13,5.08,8.26,3.62,26230,18208,3038,193.1,2.44,6.9,12951,3,Iceborn Gauntlet,16.67,Doran's Blade,14.71,Ionian Boots of Lucidity,11.76,Muramana,9.8,Manamune,7.84,Long Sword,5.88,Other,
Fiddlesticks,Jungle,0.5111,0.0138,0.0008,164.7,5.72,5.67,9.31,2.86,17802,29833,17157,42.9,7.48,67.18,11854,33,Zhonya's Hourglass,14.29,Void Staff,14.29,Poro-Snax,14.29,Luden's Echo,14.29,Frost Queen's Claim,14.29,Sorcerer's Shoes,14.29,Other,
Fiora,Top,0.4579,0.0591,0.2511,28.6,5.88,6.19,5.47,2.74,19087,31558,7920,184.8,2.4,4.67,12152,30,Doran's Blade,16.67,Dagger,8.33,Jaurim's Fist,8.33,Ionian Boots of Lucidity,8.33,Boots of Swiftness,8.33,Corrupting Potion,8.33,Other,
Fizz,Middle,0.5086,0.0799,0.0562,50.39,9.4,6.62,5.87,4.09,20418,20875,1905,144.7,1.85,6.92,12317,16,Lich Bane,8.05,Zhonya's Hourglass,6.9,Iceborn Gauntlet,6.9,Ionian Boots of Lucidity,6.9,Doran's Ring,6.9,Corrupting Potion,6.9,Other,
Galio,Middle,0.5431,0.007,0.0008,21.97,5.56,5.63,10.28,2.74,22688,25319,7209,181.2,1.9,6.06,12234,29,Doran's Ring,18,Spell Tome,16,Sorcerer's Shoes,12,Rabadon's Deathcap,10,Blasting Wand,10,Faerie Charm,5,Other,
Gangplank,Top,0.4984,0.0564,0.0197,37.86,5.88,5.47,7.63,2.9,23947,26141,6499,219.4,2.17,5.4,14092,2,Trinity Force,16.83,Infinity Edge,11.88,Ionian Boots of Lucidity,6.93,Enchantment:Alacrity,6.93,Corrupting Potion,6.93,Doran's Ring,5.94,Other,
Garen,Top,0.5213,0.0543,0.022,30.3,6.59,5.13,5.88,3.39,20920,32642,2366,189.9,2.27,2.99,12589,4,Blade of the Ruined King,20,Long Sword,10,Boots of Swiftness,10,Dagger,10,Phage,10,Black Cleaver,10,Other,
Gnar,Top,0.4828,0.0444,0.0027,46.65,5.26,5.88,7.62,2.58,21548,28845,2627,178.5,1.97,3.53,11977,31,The Black Cleaver,20,Sunfire Cape,10,Frozen Mallet,10,Randuin's Omen,5,Spirit Visage,5,Enchantment:Alacrity,5,Other,
Gragas,Jungle,0.4992,0.1339,0.0775,21.45,4.78,4.82,10.45,2.5,15588,32079,11541,41.2,9.6,63.94,11565,10,Enchantment:Runic Echoes,14.78,Iceborn Gauntlet,9.57,Boots of Swiftness,8.7,Sunfire Cape,7.83,Spectre's Cowl,6.96,Spirit Visage,6.09,Other,
Graves,ADC,0.5352,0.0308,0.1068,39.51,7.33,5.57,7.26,3.6,22852,22279,4654,205.1,3.4,9.31,13364,5,Enchantment:Warrior,18,Phantom Dancer,10,Death's Dance,10,Boots of Swiftness,9,Maw of Malmortius,8,Hexdrinker,5,Other,
Hecarim,Jungle,0.4965,0.0278,0.0022,33.65,7.28,5.59,8.91,3.6,17407,35953,11864,46.9,8.94,65.98,12339,17,Trinity Force,13.04,Enchantment:Warrior,8.7,Sunfire Cape,8.7,Corrupting Potion,8.7,Ruby Crystal,4.35,Warden's Mail,4.35,Other,
Heimerdinger,Top,0.4902,0.0068,0.0012,148.88,4.07,6.05,6.22,1.82,25323,20151,1301,203.8,1.38,2.75,12314,45,Doran's Ring,18,Spell Tome,16,Sorcerer's Shoes,12,Rabadon's Deathcap,10,Blasting Wand,10,Faerie Charm,5,Other,
Illaoi,Top,0.458,0.025,0.0271,19.89,4.96,6.64,6.02,2.24,24565,33642,6550,193.8,1.44,2.67,12184,32,Boots of Speed,15,Spirit Visage,12,Long Sword,10,Corrupting Potion,8,Ruby Crystal,5,Faerie Charm,4,Other,
Irelia,Top,0.4761,0.0474,0.0063,74.69,6.73,6.07,5.66,3.15,19189,30632,8362,187.7,1.99,3.2,12349,29,Trinity Force,20.83,Mercury's Treads,16.67,Corrupting Potion,16.67,Spirit Visage,8.33,Hexdrinker,8.33,Doran's Blade,8.33,Other,
Janna,Support,0.5338,0.1855,0.012,80.94,0.82,4.26,14.44,0.23,4899,15503,5945,15,0.11,0.09,9349,1,Ionian Boots of Lucidity,11.46,Frost Queen's Claim,9.38,Locket of the Iron Solari,8.33,Sightstone,8.33,Eye of the Watchers,8.33,Mikael's Crucible,5.21,Other,
Jarvan IV,Jungle,0.487,0.0359,0.0077,24.95,5.74,5.76,11.75,2.74,15036,29857,6618,45.2,7.36,59.97,11782,43,Blade of the Ruined King,20,Long Sword,10,Boots of Swiftness,10,Dagger,10,Phage,10,Black Cleaver,10,Other,
Jax,Jungle,0.5257,0.0424,0.1408,26.76,7.01,6.11,6.11,3.19,16511,27901,7019,53.6,12.42,70.87,12769,12,Guinsoo's Rageblade,16.67,Sterak's Gage,8.33,Blade of the Ruined King,8.33,Trinity Force,8.33,Corrupting Potion,8.33,Hextech Gunblade,8.33,Other,
Jayce,Top,0.4718,0.0194,0.0025,40.36,6.62,6.31,6.68,3.05,24117,21899,1826,189.2,2.44,5.79,12568,39,Doran's Blade,18.18,Muramana,9.09,Last Whisper,9.09,Youmuu's Ghostblade,9.09,Mercury's Treads,9.09,Enchantment:Alacrity,9.09,Other,
Jhin,ADC,0.5219,0.2236,0.0839,18.12,7.55,5.51,8.44,3.72,24339,17704,2825,190.2,2,6.32,12953,1,Essence Reaver,15.79,Rapid Firecannon,15.79,Boots of Swiftness,15.79,Doran's Blade,15.79,Infinity Edge,10.53,Last Whisper,5.26,Other,
Jinx,ADC,0.5172,0.0928,0.001,82.45,7.17,5.97,7.43,3.46,21699,18575,2676,196.6,2.78,8.74,12997,8,Blade of the Ruined King,20,Long Sword,10,Boots of Swiftness,10,Dagger,10,Phage,10,Black Cleaver,10,Other,
Kalista,ADC,0.4638,0.0662,0.0104,47.59,6.88,6.43,6.62,3.17,19169,21281,3769,185.5,3.3,8.87,12488,18,Blade of the Ruined King,14.81,Runaan's Hurricane,14.81,Doran's Blade,11.11,Boots of Speed,7.41,Berserker's Greaves,3.7,Dagger,3.7,Other,
Karma,Support,0.4828,0.048,0.003,29.51,2.23,5.78,12.83,0.88,13703,16662,1474,33.6,0.61,0.96,10362,17,Doran's Ring,11.11,Frost Queen's Claim,8.33,Ionian Boots of Lucidity,8.33,Blasting Wand,6.94,Rabadon's Deathcap,5.56,Morellonomicon,5.56,Other,
Karthus,Middle,0.4876,0.0074,0.0004,39.27,7.38,7.02,8.86,2.85,29876,22583,2257,191.2,2.14,13.02,13171,27,Doran's Ring,18,Spell Tome,16,Sorcerer's Shoes,12,Rabadon's Deathcap,10,Blasting Wand,10,Faerie Charm,5,Other,
Kassadin,Middle,0.4619,0.0227,0.0011,26.16,8.06,5.93,6.4,3.91,21024,24028,2266,156.8,1.6,6.14,12038,41,Rod of Ages,15.38,Abyssal Scepter,15.38,Zhonya's Hourglass,7.69,Ionian Boots of Lucidity,7.69,Doran's Ring,7.69,Poro-Snax,7.69,Other,
Katarina,Middle,0.5087,0.057,0.0092,54.53,9.44,6.63,6.72,4.3,23340,18896,1808,170.5,1.29,2.98,12611,9,Doran's Ring,18,Spell Tome,16,Sorcerer's Shoes,12,Rabadon's Deathcap,10,Blasting Wand,10,Faerie Charm,5,Other,
Kayle,Top,0.5356,0.0267,0.0157,37.15,5.6,5.92,6.17,2.69,20450,24229,8175,209.7,3.58,7.37,12829,11,Guinsoo's Rageblade,18.18,Void Staff,9.09,Fiendish Codex,9.09,Runaan's Hurricane,9.09,Mercury's Treads,9.09,Corrupting Potion,9.09,Other,
Kennen,Top,0.4766,0.0122,0.0005,30.63,5.27,5.7,6.65,2.56,22170,19648,2045,176.6,1.18,2.59,11805,53,Guinsoo's Rageblade,9.09,Void Staff,9.09,Infinity Edge,9.09,Rabadon's Deathcap,9.09,Lord Dominik's Regards,9.09,Doran's Shield,9.09,Other,
Kha'Zix,Jungle,0.4911,0.1234,0.039,36.79,8.67,5.86,6.39,4.08,19050,31263,10919,45.1,11.84,68.61,12738,7,Enchantment:Warrior,18.18,Tiamat,12.12,Youmuu's Ghostblade,9.09,Caulfield's Warhammer,6.06,Ionian Boots of Lucidity,6.06,Boots of Swiftness,6.06,Other,
Kindred,Jungle,0.5302,0.0694,0.0583,22.75,7.15,5.99,7.58,3.37,19822,28483,13395,48.6,15.63,62.72,12347,5,Enchantment:Sated Devourer,16.33,Runaan's Hurricane,14.29,Boots of Swiftness,12.24,Long Sword,10.2,Maw of Malmortius,10.2,Sterak's Gage,6.12,Other,
Kog'Maw,ADC,0.5594,0.031,0.0643,14.33,8.49,6.46,7.01,3.76,25812,19968,3429,198.6,2.96,10.42,13634,2,Guinsoo's Rageblade,17.14,Runaan's Hurricane,17.14,Blade of the Ruined King,11.43,Doran's Blade,11.43,Recurve Bow,8.57,Enchantment:Alacrity,5.71,Other,
LeBlanc,Middle,0.469,0.1345,0.1112,37.58,8.42,5.46,6.06,4.16,21411,18377,2091,152.7,1.52,5.88,12116,20,Sorcerer's Shoes,15.79,Morellonomicon,13.16,Doran's Ring,10.53,Void Staff,10.53,Abyssal Scepter,10.53,Rabadon's Deathcap,7.89,Other,
Lee Sin,Jungle,0.4682,0.215,0.0181,73.34,6.51,5.84,9,3.12,15060,30488,6581,39.4,9.9,59.3,11751,26,Enchantment:Warrior,20,Boots of Swiftness,11.58,Dead Man's Plate,7.37,Sightstone,6.32,Long Sword,6.32,Ionian Boots of Lucidity,4.21,Other,
Leona,Support,0.5109,0.1132,0.0068,74.47,1.86,5.85,13.37,0.67,8330,25163,3200,46.8,0.23,0.25,9740,16,Blade of the Ruined King,20,Long Sword,10,Boots of Swiftness,10,Dagger,10,Phage,10,Black Cleaver,10,Other,
Lissandra,Middle,0.483,0.0471,0.0056,23.49,5.59,5.88,8.22,2.67,19936,21697,2871,190.1,1.79,6.81,12195,35,Doran's Ring,21.74,Rod of Ages,13.04,Ionian Boots of Lucidity,10.87,Morellonomicon,8.7,Blasting Wand,6.52,Void Staff,6.52,Other,
Lucian,ADC,0.4917,0.3579,0.0129,52.85,7.18,5.65,6.83,3.43,21972,19917,3122,212.9,3.01,9.23,13350,7,Essence Reaver,17.54,Doran's Blade,13.74,Rapid Firecannon,8.53,Ionian Boots of Lucidity,8.06,Statikk Shiv,5.21,B. F. Sword,4.74,Other,
Lulu,Support,0.472,0.0444,0.0102,41.7,1.67,5.5,13.16,0.62,9159,16775,1186,26,0.31,0.4,9856,20,Doran's Ring,12.73,Ionian Boots of Lucidity,10.91,Rod of Ages,7.27,Total Biscuit of Rejuvenation,5.45,Locket of the Iron Solari,3.64,Frost Queen's Claim,3.64,Other,
Lux,Middle,0.4939,0.1604,0.0292,38.18,6.61,5.33,9.26,3.42,23371,14853,1535,170.1,1.44,5.81,12250,7,Ionian Boots of Lucidity,22.22,Frost Queen's Claim,22.22,Faerie Charm,11.11,Rabadon's Deathcap,11.11,Fiendish Codex,11.11,Poro-Snax,11.11,Other,
Malphite,Top,0.5252,0.0802,0.6344,22.93,4.86,4.58,8.94,2.62,18885,23209,2728,175.7,1.33,2.91,11861,10,Sunfire Cape,17.14,Doran's Ring,11.43,Corrupting Potion,11.43,The Dark Seal,5.71,Mercury's Treads,5.71,Negatron Cloak,5.71,Other,
Malzahar,Middle,0.5457,0.0405,0.0062,62.81,6.39,5.6,7.31,3.13,24329,19493,1829,182.6,2.28,7.68,12547,8,Doran's Ring,18,Spell Tome,16,Sorcerer's Shoes,12,Rabadon's Deathcap,10,Blasting Wand,10,Faerie Charm,5,Other,
Maokai,Jungle,0.4956,0.0119,0.0056,29.31,4.55,5.37,11.65,2.25,15889,37289,12096,47.9,7.26,57.78,11455,42,Doran's Ring,16.3,Sunfire Cape,16.3,Spirit Visage,9.78,Boots of Swiftness,6.52,Glacial Shroud,4.35,Cloth Armor,4.35,Other,
Master Yi,Jungle,0.511,0.1056,0.5027,45.6,8.59,6.68,5.03,3.66,18251,30223,7946,59.3,12.39,76.04,13239,2,Enchantment:Devourer,20,Blade of the Ruined King,15,Phage,12,Boots of Speed,8,Hunter's Potion,8,Ruby Crystal,4,Other,
Miss Fortune,ADC,0.5078,0.047,0.001,32.18,6.85,6.15,8.3,3.18,23587,19467,2858,195.4,2.22,6.5,12941,11,Blade of the Ruined King,20,Long Sword,10,Boots of Swiftness,10,Dagger,10,Phage,10,Black Cleaver,10,Other,
Mordekaiser,Top,0.4717,0.0044,0.0009,39.04,5.26,6.63,5.56,2.43,21832,19055,10123,188,3.27,5.48,12081,56,Doran's Ring,18,Spell Tome,16,Sorcerer's Shoes,12,Rabadon's Deathcap,10,Blasting Wand,10,Faerie Charm,5,Other,
Morgana,Middle,0.5236,0.0292,0.0289,48.34,5.67,4.92,9.77,2.95,22119,20712,1534,173,1.41,4.97,12410,10,Morellonomicon,15.15,Zhonya's Hourglass,12.12,Doran's Ring,9.09,Sorcerer's Shoes,9.09,Abyssal Scepter,6.06,Blasting Wand,6.06,Other,
Nami,Support,0.5199,0.0691,0.0003,75.45,1.51,4.8,15.01,0.57,8808,16334,10951,14.6,0.13,0.13,9761,5,Frost Queen's Claim,18.18,Sightstone,18.18,Enchantment:Alacrity,9.09,Kindlegem,9.09,Aegis of the Legion,9.09,Faerie Charm,9.09,Other,
Nasus,Top,0.5161,0.0705,0.0143,43.54,5.01,5.31,5.98,2.56,19494,34898,1943,201.2,2.16,4.29,12410,8,Blade of the Ruined King,20,Long Sword,10,Boots of Swiftness,10,Dagger,10,Phage,10,Black Cleaver,10,Other,
Nautilus,Top,0.5261,0.077,0.3904,20.54,4.05,5.07,9.57,2.11,18120,25781,2885,183.4,1.18,2.37,11738,9,Boots of Swiftness,14.71,Sunfire Cape,8.82,Iceborn Gauntlet,8.82,Corrupting Potion,8.82,Kindlegem,5.88,Doran's Ring,5.88,Other,
Nidalee,Jungle,0.4978,0.0525,0.0313,51.33,6.89,5.36,7.97,3.48,18276,29321,14259,45.2,13.57,68.22,12316,9,Enchantment:Runic Echoes,20,Rod of Ages,16.67,Ionian Boots of Lucidity,13.33,Blasting Wand,10,Iceborn Gauntlet,10,Abyssal Scepter,6.67,Other,
Nocturne,Jungle,0.4959,0.0363,0.0019,34.14,7.59,5.68,7.45,3.62,17382,31668,9603,53.5,10.14,73.28,12818,20,Ionian Boots of Lucidity,18.75,Enchantment:Warrior,12.5,Sterak's Gage,12.5,Trinity Force,12.5,Phantom Dancer,12.5,Warden's Mail,6.25,Other,
Nunu,Jungle,0.4977,0.0057,0.0004,37.86,4.15,4.75,10.77,2.25,13115,37019,13656,44.9,12.19,58.51,11551,44,Doran's Ring,18,Spell Tome,16,Sorcerer's Shoes,12,Rabadon's Deathcap,10,Blasting Wand,10,Faerie Charm,5,Other,
Olaf,Jungle,0.4434,0.0045,0.0013,25.38,5.82,5.78,7.74,2.77,16743,36171,8467,54.5,8.8,62.96,11845,46,Blade of the Ruined King,20,Long Sword,10,Boots of Swiftness,10,Dagger,10,Phage,10,Black Cleaver,10,Other,
Orianna,Middle,0.4694,0.0692,0.0009,30.33,5.75,5.39,8.89,2.92,20295,16797,1786,189.7,2.31,10.44,12346,33,Blasting Wand,16.67,Sorcerer's Shoes,16.67,Doran's Ring,16.67,Athene's Unholy Grail,11.11,Rabadon's Deathcap,11.11,Amplifying Tome,11.11,Other,
Pantheon,Top,0.5148,0.038,0.013,59.46,8.11,6.42,6.58,3.68,22092,23548,1954,156.3,1.77,3.65,12230,22,Maw of Malmortius,19,The Black Cleaver,12,Mercury's Treads,8,Corrupting Potion,8,Ruby Crystal,5,Faerie Charm,4,Other,
Poppy,Top,0.5275,0.0953,0.2799,20.49,5.6,5.26,7.65,2.89,21144,27273,3081,177.9,2.1,3.4,12164,3,Sunfire Cape,13.16,Iceborn Gauntlet,13.16,Corrupting Potion,10.53,Spirit Visage,5.26,Giant's Belt,5.26,Kindlegem,5.26,Other,
Quinn,ADC,0.5056,0.0075,0.0352,59.94,7.84,6.75,7.78,3.42,22114,21145,3019,180.3,2.75,6.53,12883,14,Youmuu's Ghostblade,20,Phantom Dancer,15,Boots of Swiftness,13,Null-Magic Mantle,8,Doran's Blade,4,Ruby Crystal,4,Other,
Rammus,Jungle,0.5086,0.0338,0.1954,26.09,4.34,5.27,11.48,2.11,15339,33480,7748,43.8,6.39,56.86,11343,22,Blade of the Ruined King,20,Long Sword,10,Boots of Swiftness,10,Dagger,10,Phage,10,Black Cleaver,10,Other,
Rek'Sai,Jungle,0.486,0.0238,0.0008,60.33,4.93,4.75,9.53,2.62,13776,36895,14212,42.1,11.67,64.65,11676,39,Enchantment:Warrior,11.67,Boots of Swiftness,6.67,Enchantment:Cinderhulk,6.67,Sunfire Cape,6.67,Cloth Armor,6.67,Randuin's Omen,6.67,Other,
Renekton,Top,0.4895,0.0639,0.0056,43.78,5.55,5.79,6.53,2.66,19325,34911,6594,199.5,3.2,4.67,12465,18,Blade of the Ruined King,20,Long Sword,10,Boots of Swiftness,10,Dagger,10,Phage,10,Black Cleaver,10,Other,
Rengar,Jungle,0.4792,0.0484,0.0276,94.19,8.24,6.43,6.52,3.65,17567,28902,9418,48.6,10.87,70.09,12755,23,Randuin's Omen,20,Raptor Cloak,20,Enchantment:Distortion,8,Spirit Visage,8,Sunfire Cape,5,Ruby Crystal,4,Other,
Riven,Top,0.4818,0.069,0.0068,134.01,6.78,6.48,5.13,3.07,18003,23513,2301,193.5,4.45,7.06,12693,37,Maw of Malmortius,8.57,The Black Cleaver,8.57,Ionian Boots of Lucidity,8.57,Ravenous Hydra,5.71,Vampiric Scepter,5.71,Serrated Dirk,5.71,Other,
Rumble,Top,0.4248,0.0074,0.0004,58.49,5.61,6.6,7.31,2.57,23464,23179,1899,156.5,1.33,3.36,11458,55,Sorcerer's Shoes,12.5,Haunting Guise,8.33,Zhonya's Hourglass,8.33,Liandry's Torment,8.33,Needlessly Large Rod,8.33,Abyssal Scepter,8.33,Other,
Ryze,Top,0.4855,0.0128,0.0015,47.53,5.88,6.27,6.22,2.74,23491,23467,1463,185.7,2.37,5.37,12221,43,Rod of Ages,19.61,Seraph's Embrace,15.69,Doran's Ring,7.84,Amplifying Tome,7.84,Void Staff,5.88,Mercury's Treads,5.88,Other,
Sejuani,Jungle,0.5127,0.0401,0.0025,33.01,4.67,4.49,11.18,2.54,15008,35271,7554,47.2,8.1,64.94,11692,21,Mercury's Treads,20.83,Enchantment:Runic Echoes,12.5,Spirit Visage,8.33,Sunfire Cape,8.33,Enchantment:Cinderhulk,8.33,Thornmail,4.17,Other,
Shaco,Jungle,0.5126,0.0535,0.0098,110.09,8.27,6.13,7.24,3.72,19064,26016,5800,53.2,11.73,54.35,12624,16,Zeal,20,Enchantment:Warrior,17,Ravenous Hydra,12,Boots of Swiftness,9,Long Sword,4,Ruby Crystal,3,Other,
Shen,Top,0.5136,0.0474,0.0071,40.72,4.13,4.55,10.7,2.22,16285,27368,3275,178.8,1.35,2.77,11787,23,Spirit Visage,16,Sunfire Cape,16,Doran's Shield,8,Randuin's Omen,8,Boots of Swiftness,8,Chain Vest,4,Other,
Shyvana,Jungle,0.5221,0.0811,0.2224,25.9,6.3,4.96,7.11,3.24,17865,33254,7710,61.9,16.07,79.95,13177,1,Blade of the Ruined King,20,Long Sword,10,Boots of Swiftness,10,Dagger,10,Phage,10,Black Cleaver,10,Other,
Singed,Top,0.5133,0.0125,0.0005,91.84,3.85,6.34,7.56,1.79,22716,35537,3211,223.7,1.86,1.5,12549,27,Doran's Ring,18,Spell Tome,16,Sorcerer's Shoes,12,Rabadon's Deathcap,10,Blasting Wand,10,Faerie Charm,5,Other,
Sion,Top,0.5166,0.0312,0.0012,40.9,4.55,5.26,8.94,2.2,19888,32666,14445,191.7,1.53,2.44,12146,19,Sunfire Cape,15.79,Corrupting Potion,15.79,Iceborn Gauntlet,10.53,Ninja Tabi,10.53,Face of the Mountain,5.26,Randuin's Omen,5.26,Other,
Sivir,ADC,0.5277,0.111,0.0023,25.71,5.82,5.34,8.63,2.88,22409,18515,3235,227.2,2.62,8.2,13380,6,Essence Reaver,16.44,Doran's Blade,15.07,Statikk Shiv,8.22,Infinity Edge,8.22,Ionian Boots of Lucidity,8.22,Rapid Firecannon,4.11,Other,
Skarner,Jungle,0.5378,0.0134,0.0006,44.41,4.67,4.62,10.26,2.49,12419,28750,7149,38.9,11.1,65.88,11699,32,Blade of the Ruined King,20,Long Sword,10,Boots of Swiftness,10,Dagger,10,Phage,10,Black Cleaver,10,Other,
Sona,Support,0.5233,0.0488,0.0007,91.63,2.75,5.94,13.73,1.18,13973,17688,9839,20.7,0.34,0.43,10256,9,Ionian Boots of Lucidity,25,Athene's Unholy Grail,13,Frost Queen's Claim,8,Poro-Snax,8,Ruby Crystal,5,Faerie Charm,4,Other,
Soraka,Support,0.5525,0.106,0.0839,51.13,0.7,5.09,14.53,0.16,5389,14092,21893,17,0.17,0.23,9258,3,Boots of Swiftness,13.16,Locket of the Iron Solari,11.84,Frost Queen's Claim,7.89,Ionian Boots of Lucidity,7.89,Sightstone,6.58,Eye of the Oasis,5.26,Other,
Swain,Middle,0.5009,0.0114,0.0011,73.9,7.3,6.28,7.34,3.44,24684,29645,11634,142.5,1.64,6.81,11728,38,Ninja Tabi,20,Rod of Ages,15,Tear of the Goddess,15,Doran's Ring,7,Seeker's Armguard,7,Ruby Crystal,4,Other,
Syndra,Middle,0.4701,0.0263,0.0007,29.76,7.51,6.35,6.64,3.39,23463,17634,1670,190.5,1.96,7.97,12759,28,Doran's Ring,30,Blasting Wand,10,Void Staff,10,Rod of Ages,10,Mercury's Treads,10,Hextech Revolver,10,Other,
Tahm Kench,Top,0.4873,0.0161,0.2218,21.78,5,5.05,7.9,2.57,19645,34915,8262,174.8,1.8,2.76,11855,24,Bami's Cinder,12.5,Mercury's Treads,12.5,Chain Vest,12.5,Spirit Visage,6.25,Warden's Mail,6.25,Poro-Snax,6.25,Other,
Talon,Middle,0.512,0.0279,0.0041,48.05,8.68,7.15,6.76,3.66,22473,23374,1930,167.6,2.59,7.39,12734,21,Blade of the Ruined King,20,Long Sword,10,Boots of Swiftness,10,Dagger,10,Phage,10,Black Cleaver,10,Other,
Taric,Support,0.5147,0.0187,0.0009,39.79,1.38,5.25,13.52,0.46,6548,27016,14233,45.8,0.27,0.38,9456,22,Sightstone,21.43,Iceborn Gauntlet,14.29,Boots of Swiftness,14.29,Face of the Mountain,7.14,Boots of Mobility,7.14,Relic Shield,7.14,Other,
Teemo,Top,0.4999,0.0234,0.0048,84.01,6.15,6.62,5.88,2.72,28476,21893,2623,192.9,2.81,4.21,12858,28,Doran's Ring,18,Spell Tome,16,Sorcerer's Shoes,12,Rabadon's Deathcap,10,Blasting Wand,10,Faerie Charm,5,Other,
Thresh,Support,0.4856,0.2848,0.0066,99.4,1.83,5.69,13.77,0.67,8067,22750,2636,36,0.2,0.19,9283,12,Locket of the Iron Solari,14.67,Eye of the Equinox,13.33,Boots of Swiftness,9.33,Sightstone,8,Boots of Mobility,6.67,Frozen Heart,6.67,Other,
Tristana,ADC,0.4844,0.0637,0.0005,30.56,7.19,5.51,6.25,3.44,20335,19712,2900,195,2.63,8.24,12897,17,Guinsoo's Rageblade,15.63,Runaan's Hurricane,15.63,Infinity Edge,12.5,Doran's Blade,12.5,Berserker's Greaves,9.38,Enchantment:Alacrity,6.25,Other,
Trundle,Top,0.524,0.0824,0.0444,21.44,4.88,4.87,7.47,2.52,17959,37299,12759,191.3,2.34,3.66,12117,5,Face of the Mountain,5.94,Sightstone,5.94,Corrupting Potion,5.94,Spirit Visage,4.95,Locket of the Iron Solari,4.95,Boots of Swiftness,4.95,Other,
Tryndamere,Top,0.5228,0.0371,0.0052,69.81,5.66,5.68,4.34,2.66,18515,36295,9267,220.6,7.35,8.08,13416,12,Blade of the Ruined King,20,Long Sword,10,Boots of Swiftness,10,Dagger,10,Phage,10,Black Cleaver,10,Other,
Twisted Fate,Middle,0.5075,0.0731,0.0027,43.85,6.65,6.36,8.22,3.12,22004,19431,2010,171.8,2.05,8.33,12943,17,Doran's Ring,18.57,Ionian Boots of Lucidity,14.29,Lich Bane,12.86,Rod of Ages,10,Needlessly Large Rod,7.14,Abyssal Scepter,7.14,Other,
Twitch,ADC,0.527,0.0397,0.0009,34.34,8.6,6.2,6.72,3.87,23182,20057,3111,184.2,2.87,8.86,13133,9,Runaan's Hurricane,18.18,Doran's Blade,13.64,Berserker's Greaves,9.09,B. F. Sword,9.09,Youmuu's Ghostblade,9.09,Boots of Swiftness,9.09,Other,
Udyr,Jungle,0.5351,0.0776,0.3594,42.57,5.43,4.61,7.96,2.92,13363,31000,7554,59.9,13.6,70.09,12501,3,Blade of the Ruined King,20,Long Sword,10,Boots of Swiftness,10,Dagger,10,Phage,10,Black Cleaver,10,Other,
Urgot,Top,0.5024,0.0032,0.0014,30.27,5.7,6.06,6.27,2.67,21697,19815,1774,181.2,1.4,3.67,11969,48,The Black Cleaver,20,Chain Vest,10,Giant's Belt,10,Enchantment:Alacrity,10,Iceborn Gauntlet,10,Corrupting Potion,10,Other,
Varus,ADC,0.5005,0.0164,0.0003,24.28,7.16,6.23,8.11,3.28,23671,18713,2921,195.4,2.54,7.46,13083,16,Youmuu's Ghostblade,15,Manamune,15,Last Whisper,10,Corrupting Potion,10,Ionian Boots of Lucidity,10,Muramana,5,Other,
Vayne,ADC,0.4936,0.251,0.044,90.14,7.49,6.19,5.82,3.42,20896,21188,3304,188,2.53,7.94,12786,12,Berserker's Greaves,11.76,Phantom Dancer,11.76,Doran's Blade,11.76,Blade of the Ruined King,8.82,The Bloodthirster,5.88,Infinity Edge,5.88,Other,
Veigar,Middle,0.45,0.0158,0.0005,30.9,7.19,6.25,6.9,3.33,21372,17484,1665,183.4,1.85,8.14,12552,42,Doran's Ring,18,Spell Tome,16,Sorcerer's Shoes,12,Rabadon's Deathcap,10,Blasting Wand,10,Faerie Charm,5,Other,
Vel'Koz,Middle,0.5254,0.0243,0.0006,52.38,7.03,5.52,8.36,3.54,28071,17182,1927,182.2,1.71,6.62,12776,6,Rabadon's Deathcap,11.76,Liandry's Torment,11.76,Needlessly Large Rod,11.76,Sorcerer's Shoes,11.76,Enchantment:Alacrity,5.88,Haunting Guise,5.88,Other,
Vi,Jungle,0.5098,0.063,0.0046,42.9,6.49,5.78,8.17,3.09,15589,26711,5874,42.3,9.71,67.2,12076,24,Enchantment:Warrior,23.81,Ninja Tabi,14.29,Sunfire Cape,9.52,Hunter's Potion,9.52,Ruby Crystal,4.76,Sterak's Gage,4.76,Other,
Viktor,Middle,0.466,0.0266,0.0009,43.26,6.66,5.96,6.83,3.26,24028,17202,1653,191.3,1.91,8.61,12543,31,Doran's Ring,18,Spell Tome,16,Sorcerer's Shoes,12,Rabadon's Deathcap,10,Blasting Wand,10,Faerie Charm,5,Other,
Vladimir,Top,0.4668,0.0294,0.0016,51.91,5.15,6.61,6.45,2.3,24558,31316,21832,197.8,2.62,4.74,12314,38,Enchantment:Alacrity,20,Spirit Visage,20,Will of the Ancients,20,Void Staff,10,Negatron Cloak,10,Rylai's Crystal Scepter,10,Other,
Volibear,Jungle,0.5417,0.0441,0.0141,46.58,6.73,4.86,9.26,3.54,16250,38069,7264,43.5,9.25,58.39,11962,6,Blade of the Ruined King,20,Long Sword,10,Boots of Swiftness,10,Dagger,10,Phage,10,Black Cleaver,10,Other,
Warwick,Jungle,0.5311,0.0221,0.0011,40.28,6.31,5.39,8.58,3.09,14983,38662,20104,36.8,10,67.92,12142,19,Blade of the Ruined King,20,Long Sword,10,Boots of Swiftness,10,Dagger,10,Phage,10,Black Cleaver,10,Other,
Wukong,Top,0.5191,0.0266,0.002,101.28,6.85,5.93,6.74,3.24,20437,25487,2492,176.4,2.24,4.77,12414,26,Enchantment:Warrior,14.29,Hunter's Potion,7.14,B. F. Sword,7.14,Sterak's Gage,7.14,Mercury's Treads,7.14,Poro-Snax,7.14,Other,
Xerath,Middle,0.5013,0.0185,0.0003,44.55,6.81,5.29,8.35,3.52,26596,15809,1783,179.2,1.53,6.61,12502,15,Doran's Ring,18,Spell Tome,16,Sorcerer's Shoes,12,Rabadon's Deathcap,10,Blasting Wand,10,Faerie Charm,5,Other,
Xin Zhao,Jungle,0.5229,0.055,0.0685,32.88,6.65,6.41,6.8,2.93,17167,33688,14783,45.1,11.55,66.17,12275,11,Blade of the Ruined King,20,Long Sword,10,Boots of Swiftness,10,Dagger,10,Phage,10,Black Cleaver,10,Other,
Yasuo,Middle,0.4987,0.1172,0.0632,75.78,7.04,7.41,6.71,2.99,19940,22713,1190,198.5,5.06,9.67,12914,19,Doran's Blade,15.22,Phantom Dancer,15.22,Statikk Shiv,4.35,Boots of Swiftness,4.35,Maw of Malmortius,4.35,Hexdrinker,4.35,Other,
Yorick,Top,0.462,0.0047,0.001,12.36,4.62,6.11,6.99,2.08,21929,30114,13218,168.8,1.93,4.1,11657,54,Blade of the Ruined King,20,Long Sword,10,Boots of Swiftness,10,Dagger,10,Phage,10,Black Cleaver,10,Other,
Zac,Jungle,0.4807,0.0405,0.0054,37.97,4.93,4.49,11.12,2.71,15640,33550,27488,42.8,7.35,62.71,11494,28,Enchantment:Runic Echoes,9.09,Kindlegem,9.09,Zz'Rot Portal,9.09,Spirit Visage,9.09,Mercury's Treads,9.09,Banshee's Veil,9.09,Other,
Zed,Middle,0.5239,0.135,0.5859,55.76,8.81,6.15,5.7,3.98,22866,20979,2111,185.8,2.57,6.03,12989,2,Youmuu's Ghostblade,16.22,Maw of Malmortius,8.11,The Black Cleaver,8.11,Serrated Dirk,8.11,Boots of Swiftness,6.76,Duskblade of Draktharr,5.41,Other,
Ziggs,Middle,0.4851,0.0172,0.0003,21.38,6.22,5.69,8.02,3,27691,16769,1749,198.4,2.04,9,12822,26,Ionian Boots of Lucidity,20,The Dark Seal,19,Frost Queen's Claim,11,Doran's Ring,9,Rabadon's Deathcap,8,Ruby Crystal,3,Other,
Zilean,Support,0.507,0.0222,0.0022,56.24,2.43,5.09,12.79,1.06,13339,16940,3175,42.5,0.64,1.09,10474,11,Doran's Ring,18,Spell Tome,16,Sorcerer's Shoes,12,Rabadon's Deathcap,10,Blasting Wand,10,Faerie Charm,5,Other,
Zyra,Support,0.5241,0.0257,0.0005,81.92,3.83,7.01,11.34,1.5,22064,16987,1120,45,1.1,2.4,11323,15,Doran's Ring,18,Spell Tome,16,Sorcerer's Shoes,12,Rabadon's Deathcap,10,Blasting Wand,10,Faerie Charm,5,Other,
